Attribute,IsTemplate,Description,Valid Values,DependsOn,Properties,Required,Parent,DependsOn Component,Source,columnType,Format,Maximum,Minimum,Pattern
Component,,,,,,True,,,,,,,,
Patient,True,,,"Patient ID, Sex, Year of Birth, Diagnosis, Component",,False,DataType,,,,,,,
Patient ID,,,,,,True,DataProperty,,,,,,,
Sex,,,"Female, Male, Other",,,True,DataProperty,,,,,,,
Year of Birth,,,,,,False,DataProperty,,,,,,,
Diagnosis,,,"Healthy, Cancer",,,True,DataProperty,,,,,,,
Cancer,,,,"Cancer Type, Family History",,False,ValidValue,,,,,,,
Cancer Type,,,"Breast, Colorectal, Lung, Prostate, Skin",,,True,DataProperty,,,,,,,
Family History,,,"Breast, Colorectal, Lung, Prostate, Skin",,,True,DataProperty,,,,,,,
Biospecimen,True,,,"Sample ID, Patient ID, Tissue Status, Component",,False,DataType,Patient,,,,,,
Sample ID,,,,,,True,DataProperty,,,,,,,
Tissue Status,,,"Healthy, Malignant, None",,,True,DataProperty,,,,,,,
Bulk RNA-seq Assay,True,,,"Filename, Sample ID, File Format, Component",,False,DataType,Biospecimen,,,,,,
Filename,,,,,,True,DataProperty,,,,,,,
File Format,,,"FASTQ, BAM, CRAM, CSV/TSV",,,True,DataProperty,,,,,,,
BAM,,,,Genome Build,,False,ValidValue,,,,,,,
CRAM,,,,"Genome Build, Genome FASTA",,False,ValidValue,,,,,,,
CSV/TSV,,,,Genome Build,,False,ValidValue,,,,,,,
Genome Build,,,"GRCh37, GRCh38, GRCm38, GRCm39",,,True,DataProperty,,,,,,,
Genome FASTA,,,,,,True,DataProperty,,,,,,,
MockComponent,True,Component to hold mock attributes for testing all validation rules,,"Component, Check List, Check List Enum, Check List Like, Check List Like Enum, Check List Strict, Check List Enum Strict, Check Regex List, Check Regex List Like, Check Regex List Strict, Check Regex Single, Check Regex Format, Check Regex Integer, Check Num, Check Float, Check Int, Check String, Check URL,Check Match at Least, Check Match at Least values, Check Match Exactly, Check Match Exactly values, Check Match None, Check Match None values, Check Recommended, Check Ages, Check Unique, Check Range, Check Date, Check NA",,False,DataType,,,,,,,
Check List,,,,,,True,DataProperty,,,,,,,
Check List Enum,,,"ab, cd, ef, gh",,,True,DataProperty,,,,,,,
Check List Like,,,,,,True,DataProperty,,,,,,,
Check List Like Enum,,,"ab, cd, ef, gh",,,True,DataProperty,,,,,,,
Check List Strict,,,,,,True,DataProperty,,,,,,,
Check List Enum Strict,,,"ab, cd, ef, gh",,,True,DataProperty,,,,,,,
Check Regex List,,,,,,True,DataProperty,,,,,,,
Check Regex List Strict,,,,,,True,DataProperty,,,,,,,
Check Regex List Like,,,,,,True,DataProperty,,,,,,,
Check Regex Single,,,,,,True,DataProperty,,,string,,,,[a-b]
Check Regex Format,,,,,,True,DataProperty,,,string,,,,^[a-b]
Check Regex Integer,,,,,,True,DataProperty,,,,,,,
Check Num,,,,,,True,DataProperty,,,,,,,
Check Float,,,,,,True,DataProperty,,,number,,,,
Check Int,,,,,,True,DataProperty,,,,,,,
Check String,,,,,,True,DataProperty,,,,,,,
Check URL,,,,,,True,DataProperty,,,string,uri,,,
Check Match at Least,,,,,,True,DataProperty,,,,,,,
Check Match Exactly,,,,,,True,DataProperty,,,,,,,
Check Match None,,,,,,True,DataProperty,,,,,,,
Check Match at Least values,,,,,,True,DataProperty,,,,,,,
Check Match Exactly values,,,,,,True,DataProperty,,,,,,,
Check Match None values,,,,,,True,DataProperty,,,,,,,
Check Recommended,,,,,,False,DataProperty,,,,,,,
Check Ages,,,,,,True,DataProperty,,,,,,,
Check Unique,,,,,,True,DataProperty,,,,,,,
Check Range,,,,,,True,DataProperty,,,,,,,
Check Date,,,,,,True,DataProperty,,,string,date,,,
Check NA,,,,,,True,DataProperty,,,,,,,
MockRDB,True,,,"Component, MockRDB_id, SourceManifest",,False,DataType,,,,,,,
MockRDB_id,,,,,,True,DataProperty,,,,,,,
SourceManifest,,,,,,True,DataProperty,,,,,,,
MockFilename,True,,,"Component, Filename",,False,DataType,,,,,,,
JSONSchemaComponent,True,Component to hold attributes for testing JSON Schemas,,"Component, No Rules, No Rules Not Required, String, String Not Required, Enum, Enum Not Required, Date, URL, InRange, Regex, List, List Not Required, List Enum, List Enum Not Required, List Boolean, List, Integer, List InRange",,False,DataType,,,,,,,
No Rules,,,,,,True,DataProperty,,,,,,,
No Rules Not Required,,,,,,False,DataProperty,,,,,,,
String,,,,,,True,DataProperty,,,string,,,,
String Not Required,,,,,,False,DataProperty,,,string,,,,
Enum,,,"ab, cd, ef, gh",,,True,DataProperty,,,string,,,,
Enum Not Required,,,"ab, cd, ef, gh",,,False,DataProperty,,,string,,,,
Date,,,,,,True,DataProperty,,,string,date,,,
URL,,,,,,True,DataProperty,,,string,uri,,,
InRange,,,,,,True,DataProperty,,,number,,,,
Regex,,,,,,True,DataProperty,,,string,,,,
List,,,,,,True,DataProperty,,,string_list,,,,
List Not Required,,,,,,False,DataProperty,,,string_list,,,,
List Enum,,,"ab, cd, ef, gh",,,True,DataProperty,,,string_list,,,,
List Enum Not Required,,,"ab, cd, ef, gh",,,False,DataProperty,,,string_list,,,,
List Boolean,,,,,,True,DataProperty,,,boolean_list,,,,
List Integer,,,,,,True,DataProperty,,,integer_list,,,,
List InRange,,,,,,True,DataProperty,,,integer_list,,,,
TypeDefinitionComponent,True,Component to check type specification,,"Component, String type, String type caps, Int type, Int type caps, Num type, Num type caps, Nan type, Missing type, Boolean type, Boolean type caps",,False,DataType,,,,,,,
String type,,,,,,True,DataProperty,,,string,,,,
String type caps,,,,,,True,DataProperty,,,STRING,,,,
Int type,,,,,,True,DataProperty,,,integer,,,,
Int type caps,,,,,,True,DataProperty,,,INTEGER,,,,
Num type,,,,,,True,DataProperty,,,number,,,,
Num type caps,,,,,,True,DataProperty,,,NUMBER,,,,
Nan type,,,,,,True,DataProperty,,,,,,,
Missing type,,,,,,True,DataProperty,,,,,,,
Boolean type,,,,,,True,DataProperty,,,boolean,,,,
Boolean type caps,,,,,,True,DataProperty,,,BOOLEAN,,,,
RangeComponent,True,Component to ensure maximum and minimum can be set correctly,,"Component, Maximum Integer, Minimum Integer, Maximum Float, Minimum Float, Maximum Minimum, Maximum Minimum Integer List, Maximum Minimum Validation Rule",,False,DataType,,,,,,,
Maximum Integer,,,,,,True,DataProperty,,,integer,,100.0,,
Minimum Integer,,,,,,True,DataProperty,,,integer,,,10.0,
Maximum Float,,,,,,True,DataProperty,,,number,,100.5,,
Minimum Float,,,,,,True,DataProperty,,,number,,,10.8,
Maximum Minimum,,,,,,True,DataProperty,,,integer,,100.0,10.0,
Maximum Minimum Integer List,,,,,,True,DataProperty,,,integer_list,,100.0,10.0,
Maximum Minimum Validation Rule,,,,,,True,DataProperty,,,integer,,200.0,10.0,
